,count,mean,std,min,25%,50%,75%,max
sales,400.0,88.8875,17.330484933205124,53.0,74.75,91.0,102.25,133.0
price,400.0,11.593175,4.90186243254991,3.05,7.5325,11.54,15.9025,19.95
competitor_price,400.0,11.767325000000001,4.953413708018133,3.01,7.345,12.100000000000001,16.1625,20.0
inventory,400.0,282.13,133.49502013559353,50.0,166.5,287.0,400.25,499.0
